0.6774374999999999,0.7003445833333334,0.7340404166666668,0.7359504166666666,0.7511504166666667,0.7606837499999999,0.7514399999999999,0.7862879166666668,0.7912754166666667,0.8291233333333333,0.8174245833333331,0.8520054166666666
0.6899045833333334,0.6940829166666665,0.7154687499999999,0.75129,0.7343870833333335,0.7581891666666667,0.7770291666666667,0.7747458333333335,0.8039637499999999,0.8033708333333333,0.8224112499999999,0.8456141666666666
0.7055670833333332,0.7131462500000001,0.7166383333333333,0.72401375,0.7445570833333335,0.7736816666666668,0.7727775,0.7769266666666667,0.8084483333333332,0.8080729166666667,0.8108474999999999,0.845755
0.70978875,0.7289124999999999,0.73302875,0.7391633333333334,0.7468287500000002,0.7569616666666665,0.7732370833333334,0.7734583333333335,0.7924566666666667,0.8037229166666667,0.8240187500000001,0.8241829166666667
0.6997895833333334,0.7176545833333334,0.7250420833333332,0.7376445833333334,0.73780125,0.7640787499999999,0.7783283333333334,0.7875150000000001,0.7941295833333334,0.82450375,0.8348920833333334,0.8421008333333333
0.70217625,0.7057599999999999,0.7230487499999999,0.7316841666666666,0.7565295833333333,0.7462520833333334,0.7618837500000001,0.78105875,0.7989391666666665,0.8260162500000001,0.8115270833333333,0.8463570833333334
0.6932879166666669,0.6967408333333333,0.7344658333333333,0.7391049999999999,0.7601241666666668,0.7567691666666667,0.7658233333333334,0.7861220833333333,0.8055945833333332,0.8105391666666668,0.8233495833333333,0.8224962499999999
0.7079108333333334,0.7138670833333335,0.7232145833333332,0.7209433333333334,0.7404125,0.7478654166666666,0.7751874999999998,0.7938125,0.8049141666666667,0.82029625,0.8190658333333332,0.8476604166666667
0.6904995833333335,0.6916600000000002,0.7090895833333335,0.737645,0.7459270833333332,0.7367320833333334,0.7674662499999999,0.7752416666666667,0.7751354166666669,0.8150495833333334,0.81956125,0.8256975000000001
0.7039820833333333,0.7109933333333334,0.7326041666666666,0.7378541666666666,0.74688625,0.7468300000000001,0.7719483333333332,0.7768454166666666,0.8229429166666666,0.8057579166666667,0.8377862500000001,0.8556783333333334
0.7169824999999999,0.7228841666666668,0.7265712500000001,0.73933375,0.7541695833333332,0.7715075,0.7718308333333332,0.7668116666666667,0.8011554166666667,0.8009108333333333,0.8237654166666666,0.8488941666666666
