0.52527475,0.63957325,0.77243175,0.89030125,0.9855915,0.99925775,0.99976125,0.9998395,0.9998515,0.99971375,0.99908225
0.521478,0.62386775,0.747397,0.89535425,0.9876575,0.9992875,0.9994405,0.99974825,0.9996705,0.99972875,0.99938475
0.53916825,0.652391,0.76656425,0.89326775,0.986132,0.999243,0.9994655,0.9997715,0.99975275,0.99983325,0.999378
0.535654,0.6388925,0.755262,0.9004645,0.993647,0.99911825,0.99945575,0.99991625,0.999796,0.99992275,0.99879325
0.5307985,0.630194,0.75684925,0.886531,0.9847,0.99933525,0.99953725,0.99972725,0.99975775,0.99969675,0.99888775
0.53013875,0.645158,0.76989225,0.88636,0.98759825,0.99916275,0.99982075,0.9997535,0.99987675,0.99976575,0.99891025
0.54314725,0.646382,0.737205,0.901143,0.984817,0.999406,0.9996635,0.99975875,0.9998285,0.99979125,0.999294
0.523358,0.6502255,0.76400525,0.902825,0.98893425,0.99881675,0.99949475,0.99986625,0.99992775,0.99982275,0.99881775
0.546975,0.64196575,0.7535595,0.884234,0.98826625,0.99954325,0.99972275,0.99976625,0.999884,0.99972925,0.99880925
0.519788,0.63852425,0.7602365,0.8856255,0.99075075,0.99961625,0.9996595,0.99979675,0.99969325,0.9997545,0.9990795
0.537495,0.625244,0.75546225,0.89094875,0.9862565,0.999109,0.99965125,0.9997775,0.999651,0.99986525,0.9992015
