0.4775475,0.52983425,0.57489075,0.63755,0.74052425,0.79363575,0.87781625,0.93595025,0.99852,1,1
0.44922125,0.510008,0.562758,0.63271275,0.7227795,0.80412075,0.87480025,0.9312135,0.996354,1,1
0.4440745,0.534263,0.56794925,0.6524175,0.70970025,0.8032205,0.87420075,0.93546575,0.99669175,1,1
0.45217575,0.51489825,0.565814,0.64633,0.71961575,0.79823125,0.876639,0.93825875,0.995849,1,1
0.46270975,0.511973,0.5779445,0.653781,0.71720725,0.797711,0.87120375,0.9271705,0.9959965,1,1
0.47763275,0.529297,0.56164675,0.62934325,0.73758225,0.79518975,0.87862825,0.93158775,0.99509875,1,1
0.44938725,0.52152625,0.58904975,0.655782,0.714023,0.78441675,0.86342425,0.93562075,0.99648775,1,1
0.47018975,0.51261375,0.57441125,0.63293125,0.73327425,0.797183,0.86022425,0.93052075,0.99314675,1,1
0.45884775,0.51227875,0.5738815,0.6274875,0.71972175,0.80138275,0.87573425,0.93082725,0.99566275,1,1
0.46299425,0.52071575,0.563548,0.61993475,0.721675,0.7932375,0.86843875,0.9330335,0.995651,1,1
0.4483355,0.503246,0.56687375,0.63599325,0.71664975,0.79933125,0.868262,0.93931825,0.994975,1,1
