0.5540887500000001,0.57243625,0.5583812499999999,0.5691595833333334,0.57639,0.5768179166666666,0.58731875,0.5666366666666667,0.6122145833333333,0.5853595833333334,0.5961991666666667,0.6159549999999999
0.5304683333333333,0.519805,0.53743375,0.5637145833333334,0.55262,0.5563725,0.5559216666666666,0.5972612500000001,0.5960187499999999,0.5954304166666666,0.5807262500000001,0.6217187500000001
0.5414887500000001,0.5272716666666667,0.5472125,0.5514929166666667,0.5583145833333333,0.5646075,0.5950275,0.58256,0.5843620833333333,0.6120270833333334,0.6157358333333333,0.64097875
0.54149875,0.5301845833333333,0.5607683333333334,0.5465912500000001,0.6140895833333334,0.5682183333333335,0.5885745833333333,0.57707625,0.5754741666666666,0.59625,0.6100479166666667,0.6025829166666666
0.5446587500000001,0.5366808333333333,0.5350908333333333,0.5350366666666667,0.5607325,0.5750066666666668,0.5704108333333333,0.5729475,0.6018929166666668,0.5790004166666667,0.6111854166666667,0.6070420833333333
0.5376470833333332,0.5393441666666667,0.5679583333333333,0.5746245833333333,0.5481945833333334,0.5633216666666667,0.5727891666666666,0.5563675,0.6136383333333334,0.5793220833333333,0.60741,0.60505875
0.5403429166666667,0.5455224999999999,0.55187125,0.5579387499999999,0.5504675,0.5781604166666667,0.5544070833333333,0.6282154166666667,0.5848658333333334,0.5953708333333334,0.5965266666666666,0.6388099999999999
0.5345295833333332,0.5433620833333334,0.5487079166666665,0.5719695833333334,0.5676470833333334,0.5537741666666667,0.5703091666666666,0.58452,0.6192949999999999,0.5782845833333333,0.59348875,0.59841125
0.5262904166666666,0.5602216666666667,0.5482104166666667,0.5588195833333334,0.5827424999999999,0.5932420833333334,0.5790279166666668,0.5815750000000001,0.5805554166666667,0.6115741666666668,0.5941525000000001,0.61618125
0.5369633333333333,0.5557329166666666,0.5465616666666666,0.5426608333333334,0.5680216666666668,0.59133625,0.5592604166666667,0.5884929166666667,0.5921229166666667,0.5807216666666667,0.5927241666666666,0.5975383333333334
0.5569383333333334,0.5372579166666667,0.5386745833333333,0.5224574999999999,0.56400375,0.5563912499999999,0.5749383333333333,0.5812875,0.5772241666666666,0.6235620833333333,0.5862854166666666,0.6455250000000001
